{
  "ident": "(abaf3f53-5360-473c-85d7-b8ccca37fc85|demoman1000)",
  "lastTeleportOrigin": {
    "dim": 0,
    "pitch": 40.65003,
    "yaw": -3.6462545E-4,
    "xd": -292.94999998807907,
    "yd": 63.0,
    "zd": -195.69999998807907
  },
  "lastDeathLocation": {
    "dim": 0,
    "pitch": 40.65003,
    "yaw": -3.6462545E-4,
    "xd": -292.94999998807907,
    "yd": 63.0,
    "zd": -195.69999998807907
  },
  "lastTeleportTime": 1552543266337,
  "selDim": 0,
  "inventoryGroups": {},
  "modInventoryGroups": {},
  "activeInventoryGroup": "default",
  "timePlayed": 8496781,
  "firstLogin": "Mar 14, 2019 4:36:30 AM",
  "lastLogin": "Mar 14, 2019 9:57:48 PM",
  "lastLogout": "Mar 14, 2019 10:43:37 PM",
  "namedTimeout": {}
}